Date,AAPL,JNJ,SPY
2020-01-02,72.46825408935547,123.29019927978516,297.698974609375
2020-01-03,71.76371765136719,121.86274719238281,295.4447021484375
2020-01-06,72.33556365966797,121.71073913574219,296.5718688964844
2020-01-07,71.99536895751953,122.4540023803711,295.7379150390625
2020-01-08,73.15349578857422,122.43710327148438,297.31414794921875
2020-01-09,74.70732879638672,122.80032348632812,299.33013916015625
2020-01-10,74.876220703125,122.52155303955078,298.4687805175781
2020-01-13,76.47589874267578,123.06212615966797,300.52142333984375
2020-01-14,75.44322967529297,123.75474548339844,300.0632629394531
2020-01-15,75.11992645263672,124.16858673095703,300.7413330078125
2020-01-16,76.06090545654297,125.17369842529297,303.2430114746094
2020-01-17,76.9029769897461,125.99302673339844,304.1868591308594
2020-01-21,76.3818130493164,126.0774917602539,303.59124755859375
2020-01-22,76.65444946289062,125.21595764160156,303.62786865234375
2020-01-23,77.02362060546875,125.45238494873047,303.97601318359375
2020-01-24,76.8016357421875,125.27501678466797,301.27276611328125
2020-01-27,74.5432357788086,125.63825988769531,296.44354248046875
2020-01-28,76.65204620361328,126.27172088623047,299.550048828125
2020-01-29,78.25655364990234,127.15011596679688,299.3026123046875
2020-01-30,78.14314270019531,126.99810028076172,300.2739562988281
2020-01-31,74.67839050292969,125.73959350585938,294.8216247558594
2020-02-03,74.47331237792969,126.83760070800781,297.0117492675781
2020-02-04,76.93193817138672,128.04542541503906,301.5385437011719
2020-02-05,77.55924224853516,130.06410217285156,305.0206298828125
2020-02-06,78.46647644042969,129.67555236816406,306.04705810546875
2020-02-07,77.39990234375,128.2903594970703,304.4158630371094
2020-02-10,77.76749420166016,128.26499938964844,306.68853759765625
2020-02-11,77.29830932617188,128.37484741210938,307.2200012207031
2020-02-12,79.13398742675781,127.61469268798828,309.19940185546875
2020-02-13,78.57044982910156,126.7700424194336,308.8694763183594
2020-02-14,78.58982849121094,126.8038330078125,309.36431884765625
2020-02-18,77.15077209472656,125.9676513671875,308.5671081542969
2020-02-19,78.26815032958984,125.79875183105469,310.04241943359375
2020-02-20,77.46519470214844,125.3172836303711,308.7686462402344
2020-02-21,75.71177673339844,126.63494110107422,305.5888977050781
2020-02-24,72.11541748046875,124.0253677368164,295.4538879394531
2020-02-25,69.67272186279297,122.95435333251953,286.50103759765625
2020-02-26,70.77799224853516,122.12983703613281,285.44720458984375
2020-02-27,66.1513442993164,118.25379943847656,272.62725830078125
2020-02-28,66.11265563964844,114.30970764160156,271.4818115234375
2020-03-02,72.26778411865234,119.01880645751953,283.23870849609375
2020-03-03,69.97262573242188,115.25321960449219,275.12896728515625
2020-03-04,73.21827697753906,121.9598159790039,286.6933898925781
2020-03-05,70.84329986572266,120.71029663085938,277.1632385253906
2020-03-06,69.9024658203125,120.72730255126953,272.5814208984375
2020-03-09,64.37377166748047,115.97574615478516,251.29434204101562
2020-03-10,69.01004028320312,120.39581298828125,264.2975158691406
2020-03-11,66.61328887939453,112.03168487548828,251.41343688964844
2020-03-12,60.0349235534668,106.6001205444336,227.35894775390625
2020-03-13,67.22760772705078,114.14822387695312,246.7949676513672
2020-03-16,58.578983306884766,108.06212615966797,219.78976440429688
2020-03-17,61.154701232910156,116.10323333740234,231.6566619873047
2020-03-18,59.65764236450195,114.71772766113281,219.92718505859375
2020-03-19,59.20054244995117,107.99413299560547,220.3945770263672
2020-03-20,55.442161560058594,101.90804290771484,210.8968505859375
2020-03-23,54.26433563232422,94.47042083740234,205.5045928955078
2020-03-24,59.70842742919922,101.30453491210938,224.12396240234375
2020-03-25,59.37949752807617,101.49153900146484,227.47915649414062
2020-03-26,62.504234313964844,107.58610534667969,240.76161193847656
2020-03-27,59.916419982910156,104.68756866455078,233.59036254882812
2020-03-30,61.626304626464844,113.0602035522461,241.17640686035156
2020-03-31,61.500545501708984,111.46217346191406,237.58154296875
2020-04-01,58.26456832885742,109.49014282226562,226.88919067382812
2020-04-02,59.23680877685547,113.17920684814453,232.1248016357422
2020-04-03,58.385494232177734,114.04622650146484,228.7696075439453
2020-04-06,63.47890090942383,118.79776000976562,244.13523864746094
2020-04-07,62.74365997314453,116.85975646972656,244.38412475585938
2020-04-08,64.34956359863281,121.7728042602539,252.58763122558594
2020-04-09,64.81392669677734,120.04728698730469,256.431396484375
2020-04-13,66.08607482910156,118.80630493164062,254.09011840820312
2020-04-14,69.42362976074219,124.12735748291016,261.5839538574219
2020-04-15,68.78997802734375,125.51289367675781,256.02587890625
2020-04-16,69.33654022216797,127.22142791748047,257.2609558105469
2020-04-17,68.395751953125,129.21896362304688,264.2109375
2020-04-20,66.97608947753906,128.92144775390625,259.55609130859375
2020-04-21,64.90582275390625,127.22992706298828,251.67518615722656
2020-04-22,66.77533721923828,130.04347229003906,257.2609558105469
2020-04-23,66.51655578613281,132.18548583984375,257.2425231933594
2020-04-24,68.43685913085938,131.63296508789062,260.8281555175781
2020-04-27,68.4852294921875,131.14846801757812,264.5888671875
2020-04-28,67.37512969970703,128.6834259033203,263.37225341796875
2020-04-29,69.58808898925781,127.70594024658203,270.2668762207031
2020-04-30,71.05610656738281,127.5359115600586,267.7504577636719
2020-05-01,69.91215515136719,126.04840087890625,260.6623229980469
2020-05-04,70.90135955810547,126.0313720703125,261.38116455078125
2020-05-05,71.96548461914062,127.07691955566406,263.7962341308594
2020-05-06,72.70795440673828,125.86992645263672,262.0080261230469
2020-05-07,73.46012115478516,125.45339965820312,265.1695861816406
2020-05-08,75.20862579345703,126.39691925048828,269.55712890625
2020-05-11,76.39204406738281,126.7453842163086,269.6124267578125
2020-05-12,75.5190200805664,125.07086944580078,264.2386169433594
2020-05-13,74.60718536376953,125.06239318847656,259.5652770996094
2020-05-14,75.0655288696289,125.49591827392578,262.67169189453125
2020-05-15,74.62173461914062,127.87593078613281,263.8791198730469
2020-05-18,76.37989807128906,127.94387817382812,271.9167785644531
2020-05-19,75.93853759765625,126.6689453125,269.1238708496094
2020-05-20,77.4154281616211,125.52989196777344,273.69573974609375
2020-05-21,76.83824920654297,124.70533752441406,271.8061828613281
2020-05-22,77.3329849243164,123.5670166015625,272.322265625
2020-05-26,76.80913543701172,123.72966003417969,275.67755126953125
2020-05-27,77.14380645751953,124.0120849609375,279.7793273925781
2020-05-28,77.1777572631836,125.79238891601562,279.2631530761719
2020-05-29,77.10259246826172,127.31587982177734,280.50750732421875
2020-06-01,78.05077362060547,125.980712890625,281.6412658691406
2020-06-02,78.41212463378906,126.88792419433594,283.97332763671875
2020-06-03,78.84375762939453,127.23030090332031,287.75250244140625
2020-06-04,78.16476440429688,125.58695220947266,286.99664306640625
2020-06-05,80.3909912109375,126.07487487792969,294.3522644042969
2020-06-08,80.86629486083984,125.62118530273438,297.9101867675781
2020-06-09,83.41986846923828,124.92792510986328,295.68878173828125
2020-06-10,85.56607055664062,126.50276184082031,294.0388488769531
2020-06-11,81.45801544189453,120.57135009765625,277.08782958984375
2020-06-12,82.16127014160156,121.66692352294922,280.4061279296875
2020-06-15,83.1773681640625,120.8965835571289,283.02392578125
2020-06-16,85.38175201416016,123.64402770996094,288.4714050292969
2020-06-17,85.262939453125,123.2674560546875,287.2732238769531
2020-06-18,85.29689025878906,122.74536895751953,287.38372802734375
2020-06-19,84.80943298339844,123.1048812866211,285.74139404296875
2020-06-22,87.02837371826172,122.72821044921875,287.57452392578125
2020-06-23,88.88600158691406,122.27462005615234,288.8984069824219
2020-06-24,87.31694793701172,119.67266082763672,281.5289611816406
2020-06-25,88.47615051269531,119.54425048828125,284.5471496582031
2020-06-26,85.75765228271484,117.95227813720703,277.78875732421875
2020-06-29,87.73407745361328,119.00506591796875,281.8715515136719
2020-06-30,88.46644592285156,120.36592864990234,285.4822082519531
2020-07-01,88.29911041259766,120.1519546508789,287.48199462890625
2020-07-02,88.29911041259766,120.65694427490234,289.0650939941406
2020-07-06,90.66112518310547,122.3772964477539,293.5274658203125
2020-07-07,90.37982940673828,122.26604461669922,290.4999694824219
2020-07-08,92.48477935791016,122.62554168701172,292.7220153808594
2020-07-09,92.88249206542969,121.95793914794922,291.05548095703125
2020-07-10,93.04497528076172,121.8552017211914,294.0274658203125
2020-07-13,92.6157455444336,124.28599548339844,291.4814758300781
2020-07-14,94.14839172363281,126.6054916381836,295.2587890625
2020-07-15,94.79588317871094,126.89647674560547,297.9714050292969
2020-07-16,93.62939453125,127.74382781982422,296.9900207519531
2020-07-17,93.44023895263672,127.82943725585938,297.85101318359375
2020-07-20,95.40940856933594,128.0434112548828,300.25811767578125
2020-07-21,94.09261322021484,128.16322326660156,300.8969421386719
2020-07-22,94.35693359375,128.3943328857422,302.609619140625
2020-07-23,90.06214904785156,128.0519561767578,298.99896240234375
2020-07-24,89.83902740478516,126.77665710449219,297.0733337402344
2020-07-27,91.96824645996094,125.97212219238281,299.23968505859375
2020-07-28,90.4574203491211,125.67257690429688,297.34185791015625
2020-07-29,92.19135284423828,125.42434692382812,300.9987487792969
2020-07-30,93.306884765625,125.68109893798828,299.92486572265625
2020-07-31,103.0750503540039,124.75669860839844,302.2948303222656
2020-08-03,105.67228698730469,126.11763000488281,304.396484375
2020-08-04,106.37800598144531,126.00636291503906,305.572265625
2020-08-05,106.7635726928711,127.01631164550781,307.4700927734375
2020-08-06,110.48846435546875,126.28882598876953,309.52545166015625
2020-08-07,107.97643280029297,127.1875228881836,309.7476806640625
2020-08-10,109.54584503173828,126.69963073730469,310.6734313964844
2020-08-11,106.28797912597656,125.79238891601562,308.10888671875
2020-08-12,109.82037353515625,128.09478759765625,312.4046936035156
2020-08-13,111.76393127441406,126.67398834228516,311.8399658203125
2020-08-14,111.66431427001953,126.87940216064453,311.8492126464844
2020-08-17,111.37278747558594,127.52130126953125,312.8398132324219
2020-08-18,112.30083465576172,128.4628143310547,313.5157470703125
2020-08-19,112.4417495727539,128.7195587158203,312.21026611328125
2020-08-20,114.93677520751953,129.60116577148438,313.182373046875
2020-08-21,120.8597640991211,130.748046875,314.2933044433594
2020-08-24,122.30528259277344,131.09271240234375,317.4781188964844
2020-08-25,121.30192565917969,131.01516723632812,318.589111328125
2020-08-26,122.95149993896484,131.2219696044922,321.78314208984375
2020-08-27,121.481689453125,131.80783081054688,322.4866638183594
2020-08-28,121.28491973876953,132.37648010253906,324.56976318359375
2020-08-31,125.39793395996094,132.1783447265625,323.3940734863281
2020-09-01,130.3928985595703,130.54989624023438,326.44000244140625
2020-09-02,127.69133758544922,132.54022216796875,331.16156005859375
2020-09-03,117.46825408935547,128.8525848388672,319.764892578125
2020-09-04,117.54598999023438,128.02542114257812,317.1540222167969
2020-09-08,109.63573455810547,126.87947082519531,308.4884948730469
2020-09-09,114.00873565673828,128.98179626464844,314.5803527832031
2020-09-10,110.28683471679688,126.5779037475586,309.1180419921875
2020-09-11,108.83888244628906,127.32750701904297,309.27545166015625
2020-09-14,112.10405731201172,127.81864166259766,313.3489990234375
2020-09-15,112.27896881103516,128.28390502929688,314.9320983886719
2020-09-16,108.9652099609375,127.86172485351562,313.6823425292969
2020-09-17,107.22573852539062,126.80193328857422,310.92340087890625
2020-09-18,103.82451629638672,128.5337677001953,307.3438415527344
2020-09-21,106.97309112548828,125.01839447021484,303.9232482910156
2020-09-22,108.65422821044922,124.25160217285156,307.01849365234375
2020-09-23,104.09661865234375,124.44976806640625,299.8984680175781
2020-09-24,105.16556549072266,124.64793395996094,300.69781494140625
2020-09-25,109.1109848022461,125.50088500976562,305.5592346191406
2020-09-28,111.71533203125,126.75022888183594,310.6343688964844
2020-09-29,110.8698959350586,126.70711517333984,308.9425964355469
2020-09-30,112.54135131835938,128.27528381347656,311.2850341796875
2020-10-01,113.49370574951172,126.93120574951172,313.2834777832031
2020-10-02,109.83008575439453,126.00064849853516,310.3089904785156
2020-10-05,113.21188354492188,127.71522521972656,315.81170654296875
2020-10-06,109.96615600585938,126.01787567138672,311.3221435546875
2020-10-07,111.83197021484375,127.41365051269531,316.7412414550781
2020-10-08,111.72505187988281,128.28390502929688,319.54840087890625
2020-10-09,113.66861724853516,130.0760040283203,322.4019470214844
2020-10-12,120.88890838623047,130.82562255859375,327.5886535644531
2020-10-13,117.68205261230469,127.82725524902344,325.4507751464844
2020-10-14,117.76949310302734,127.6032485961914,323.40582275390625
2020-10-15,117.30305480957031,126.81918334960938,323.00616455078125
2020-10-16,115.6607437133789,127.6032485961914,322.8110046386719
2020-10-19,112.70655059814453,124.34635925292969,317.9031066894531
2020-10-20,114.19334411621094,124.54454040527344,319.176513671875
2020-10-21,113.5714340209961,124.01033020019531,318.5724182128906
2020-10-22,112.48304748535156,125.001220703125,320.31988525390625
2020-10-23,111.79309844970703,125.13904571533203,321.40740966796875
2020-10-26,111.80281829833984,124.04478454589844,315.4678039550781
2020-10-27,113.3090591430664,123.33829498291016,314.3802490234375
2020-10-28,108.06143951416016,119.21119689941406,303.63507080078125
2020-10-29,112.06517791748047,118.20317077636719,306.72113037109375
2020-10-30,105.78752136230469,118.13422393798828,303.52349853515625
2020-11-02,105.70002746582031,119.49557495117188,306.9255065917969
2020-11-03,107.32291412353516,119.33185577392578,312.3446960449219
2020-11-04,111.70562744140625,120.10729217529297,319.3252258300781
2020-11-05,115.67045593261719,120.41744995117188,325.55303955078125
2020-11-06,115.53905487060547,122.56285858154297,325.4786682128906
2020-11-09,113.2319564819336,125.86277770996094,329.5685729980469
2020-11-10,112.89125061035156,127.75830841064453,329.085205078125
2020-11-11,116.31783294677734,127.34474182128906,331.5297546386719
2020-11-12,116.04525756835938,127.77552032470703,328.313720703125
2020-11-13,116.09393310546875,129.15408325195312,332.8589782714844
2020-11-16,117.10631561279297,129.97262573242188,337.01397705078125
2020-11-17,116.22047424316406,128.68023681640625,335.201416015625
2020-11-18,114.89656066894531,126.9742431640625,331.16729736328125
2020-11-19,115.4903793334961,126.77608489990234,332.5615539550781
2020-11-20,114.22489929199219,126.10403442382812,330.28424072265625
2020-11-23,110.82752990722656,124.81999969482422,332.2640686035156
2020-11-24,112.11251068115234,124.81999969482422,337.6181335449219
2020-11-25,112.9496841430664,124.65511322021484,337.0975646972656
2020-11-27,113.49480438232422,124.93280792236328,338.036376953125
2020-11-30,115.88949584960938,125.52272033691406,336.5399475097656
2020-12-01,119.46207427978516,127.92596435546875,340.22076416015625
2020-12-02,119.81253814697266,128.52462768554688,340.9365234375
2020-12-03,119.67621612548828,129.270751953125,340.84344482421875
2020-12-04,119.00455474853516,130.37255859375,343.78082275390625
2020-12-07,120.4647216796875,129.24472045898438,343.0743408203125
2020-12-08,121.07799530029297,131.48306274414062,344.0782165527344
2020-12-09,118.5470199584961,132.82785034179688,340.9922180175781
2020-12-10,119.96825408935547,132.0904083251953,340.8807373046875
2020-12-11,119.16028594970703,132.6977081298828,340.48101806640625
2020-12-14,118.5470199584961,129.33148193359375,338.9566650390625
2020-12-15,124.48507690429688,130.63287353515625,343.53912353515625
2020-12-16,124.41694641113281,129.85202026367188,344.0782165527344
2020-12-17,125.28331756591797,133.2789764404297,346.00238037109375
2020-12-18,123.29747772216797,134.0511474609375,344.6208190917969
2020-12-21,124.8257827758789,132.75843811035156,343.38848876953125
2020-12-22,128.37890625,132.49813842773438,342.809814453125
2020-12-23,127.48332214355469,131.8214569091797,343.11785888671875
2020-12-24,128.4664764404297,132.28125,344.45281982421875
2020-12-28,133.06121826171875,132.9059295654297,347.4118957519531
2020-12-29,131.28956604003906,133.73016357421875,346.7491455078125
2020-12-30,130.1700439453125,135.38723754882812,347.24383544921875
2020-12-31,129.1674041748047,136.5411376953125,349.0081481933594
2021-01-04,125.97447967529297,135.7776641845703,344.2568054199219
2021-01-05,127.53197479248047,137.37403869628906,346.6277160644531
2021-01-06,123.23905944824219,138.6667022705078,348.7000732421875
2021-01-07,127.44438171386719,139.13523864746094,353.8809509277344
2021-01-08,128.54437255859375,138.8489227294922,355.8971862792969
2021-01-11,125.55586242675781,138.2676239013672,353.4981689453125
2021-01-12,125.38065338134766,137.19180297851562,353.5727233886719
2021-01-13,127.41519927978516,136.98361206054688,354.52496337890625
2021-01-14,125.4877700805664,139.3781280517578,353.28350830078125
2021-01-15,123.76473236083984,139.0745086669922,350.7071228027344
2021-01-19,124.4364013671875,141.22607421875,353.4608459472656
2021-01-20,128.52491760253906,140.87908935546875,358.3522644042969
2021-01-21,133.2364044189453,140.31509399414062,358.6788635253906
2021-01-22,135.3780059814453,141.89413452148438,357.4093933105469
2021-01-25,139.12582397460938,144.00238037109375,358.8190002441406
2021-01-26,139.35943603515625,147.90655517578125,358.2588806152344
2021-01-27,138.2886505126953,145.6508331298828,349.5029296875
2021-01-28,133.45057678222656,146.7613525390625,352.5086975097656
2021-01-29,128.45675659179688,141.52980041503906,345.4515686035156
2021-02-01,130.57887268066406,141.1653594970703,351.20184326171875
2021-02-02,131.4063262939453,139.898681640625,356.1678771972656
2021-02-03,130.38418579101562,139.24798583984375,356.4480285644531
2021-02-04,133.74261474609375,140.54071044921875,360.4992370605469
2021-02-05,133.32826232910156,142.6749725341797,361.9180603027344
2021-02-08,133.47451782226562,143.08277893066406,364.5318298339844
2021-02-09,132.59707641601562,144.2539825439453,364.28912353515625
2021-02-10,131.99267578125,144.7224884033203,364.1304931640625
2021-02-11,131.73916625976562,144.0718231201172,364.718505859375
2021-02-12,131.97314453125,144.52294921875,366.5200500488281
2021-02-16,129.84786987304688,143.212890625,366.2027282714844
2021-02-17,127.55683898925781,143.72479248046875,366.2867736816406
2021-02-18,126.4551773071289,143.79420471191406,364.7279052734375
2021-02-19,126.61116790771484,141.39964294433594,364.08380126953125
2021-02-22,122.83827209472656,141.3123321533203,361.2833251953125
2021-02-23,122.70178985595703,140.06394958496094,361.72216796875
2021-02-24,122.20457458496094,141.94088745117188,365.7080993652344
2021-02-25,117.95399475097656,142.08929443359375,356.8960266113281
2021-02-26,118.21721649169922,138.33538818359375,355.0570373535156
2021-03-01,124.5833740234375,139.08619689941406,363.6636657714844
2021-03-02,121.9803695678711,138.82424926757812,360.825927734375
2021-03-03,118.99715423583984,136.37989807128906,356.04656982421875
2021-03-04,117.11557006835938,133.6299591064453,351.6405029296875
2021-03-05,118.3731918334961,136.27511596679688,358.1095886230469
2021-03-08,113.44017791748047,137.41004943847656,356.32659912109375
2021-03-09,118.05146789550781,137.67193603515625,361.4139709472656
2021-03-10,116.96934509277344,138.93777465820312,363.6636657714844
2021-03-11,118.89964294433594,138.92906188964844,367.3509216308594
2021-03-12,117.99298858642578,139.33065795898438,367.8456726074219
2021-03-15,120.87871551513672,140.04647827148438,370.03936767578125
2021-03-16,122.41908264160156,140.8758087158203,369.5726013183594
2021-03-17,121.62937927246094,140.35203552246094,370.8328857421875
2021-03-18,117.50553131103516,140.09010314941406,365.4373474121094
2021-03-19,116.97908782958984,139.71473693847656,364.7611999511719
2021-03-22,120.29376220703125,140.11630249023438,367.67376708984375
2021-03-23,119.465087890625,139.98538208007812,364.7798767089844
2021-03-24,117.07658386230469,141.34722900390625,362.9255676269531
2021-03-25,117.56401824951172,141.39962768554688,364.9671325683594
2021-03-26,118.16846466064453,143.9836883544922,370.8486022949219
2021-03-29,118.34394836425781,144.95269775390625,370.66131591796875
2021-03-30,116.89134979248047,144.0535430908203,369.67791748046875
2021-03-31,119.08488464355469,143.4773712158203,371.1764221191406
2021-04-01,119.91355895996094,142.15040588378906,375.1847839355469
2021-04-05,122.74078369140625,142.6741943359375,380.5698547363281
2021-04-06,123.04300689697266,142.63929748535156,380.3450622558594
2021-04-07,124.69058227539062,142.83135986328125,380.78521728515625
2021-04-08,127.0888671875,142.27264404296875,382.5927734375
2021-04-09,129.66259765625,140.77105712890625,385.37420654296875
2021-04-12,127.94679260253906,141.1115264892578,385.51470947265625
2021-04-13,131.05673217773438,139.22586059570312,386.6573181152344
2021-04-14,128.71694946289062,139.60997009277344,385.3367614746094
2021-04-15,131.1249542236328,140.02027893066406,389.476318359375
2021-04-16,130.79351806640625,141.6353302001953,390.7780456542969
2021-04-19,131.4564666748047,142.02816772460938,388.858154296875
2021-04-20,129.76988220214844,145.3368377685547,386.0111389160156
2021-04-21,130.15008544921875,145.43292236328125,389.66363525390625
2021-04-22,128.6292266845703,144.20193481445312,386.1047058105469
2021-04-23,130.94952392578125,144.498779296875,390.291015625
2021-04-26,131.33944702148438,143.27659606933594,391.1058044433594
2021-04-27,131.0177764892578,142.45591735839844,391.0215759277344
2021-04-28,130.2281036376953,141.4083709716797,390.9091796875
2021-04-29,130.13059997558594,143.346435546875,393.40032958984375
2021-04-30,128.16128540039062,142.0631103515625,390.81549072265625
2021-05-03,129.21414184570312,144.22813415527344,391.65838623046875
2021-05-04,124.64186096191406,146.46302795410156,389.2420959472656
2021-05-05,124.88558197021484,145.85191345214844,389.3638610839844
2021-05-06,126.48444366455078,146.43682861328125,392.47320556640625
2021-05-07,127.15827941894531,147.10032653808594,395.3295593261719
2021-05-10,123.87700653076172,148.6455078125,391.4148864746094
2021-05-11,122.95903778076172,147.4320526123047,387.92156982421875
2021-05-12,119.89260864257812,146.8384246826172,379.68011474609375
2021-05-13,122.0410385131836,148.3748779296875,384.2409973144531
2021-05-14,124.46293640136719,148.6018524169922,390.1412353515625
2021-05-17,123.31058502197266,148.75030517578125,389.14849853515625
2021-05-18,121.92386627197266,148.8026885986328,385.795654296875
2021-05-19,121.76762390136719,148.47962951660156,384.7842712402344
2021-05-20,124.32623291015625,149.34390258789062,388.9237060546875
2021-05-21,122.49029541015625,149.24790954589844,388.6053161621094
2021-05-24,124.12115478515625,149.81887817382812,392.5668640136719
2021-05-25,123.92582702636719,149.406005859375,391.6958312988281
2021-05-26,123.87700653076172,148.51878356933594,392.47320556640625
2021-05-27,122.34381103515625,148.2903594970703,392.6792297363281
2021-05-28,121.68949890136719,148.67689514160156,393.3816223144531
2021-06-01,121.36724090576172,145.4090576171875,393.0351257324219
2021-06-02,122.12895202636719,145.99761962890625,393.6531982421875
2021-06-03,120.64457702636719,145.8571014404297,392.1921691894531
2021-06-04,122.93949890136719,145.79559326171875,395.7791748046875
2021-06-07,122.94927215576172,144.8029327392578,395.39520263671875
2021-06-08,123.76956939697266,143.5292205810547,395.4794921875
2021-06-09,124.15044403076172,145.46180725097656,394.88946533203125
2021-06-10,123.15435028076172,146.77069091796875,396.7249755859375
2021-06-11,124.36529541015625,144.9083709716797,397.380615234375
2021-06-14,127.42194366455078,145.26853942871094,398.27032470703125
2021-06-15,126.60162353515625,144.4954833984375,397.5398254394531
2021-06-16,127.09967041015625,144.44276428222656,395.3201904296875
2021-06-17,128.70120239257812,145.13674926757812,395.1891174316406
2021-06-18,127.40242004394531,142.2906036376953,389.85784912109375
2021-06-21,129.19927978515625,143.92453002929688,395.4390869140625
2021-06-22,130.8399200439453,143.73126220703125,397.55316162109375
2021-06-23,130.5664825439453,142.86158752441406,397.0740051269531
2021-06-24,130.2832794189453,143.51162719726562,399.4229431152344
2021-06-25,129.99032592773438,144.24949645996094,400.84173583984375
2021-06-28,131.62115478515625,144.08262634277344,401.6497497558594
2021-06-29,133.13478088378906,144.09141540527344,401.8658447265625
2021-06-30,133.75003051757812,144.71507263183594,402.2041931152344
2021-07-01,134.05279541015625,145.7868194580078,404.43096923828125
2021-07-02,136.67974853515625,148.439697265625,407.5223083496094
2021-07-06,138.6914825439453,147.552490234375,406.7799987792969
2021-07-07,141.18170166015625,148.81741333007812,408.217529296875
2021-07-08,139.8828582763672,148.52757263183594,404.8913879394531
2021-07-09,141.70904541015625,149.11610412597656,409.2135314941406
2021-07-12,141.11329650878906,148.87893676757812,410.6793518066406
2021-07-13,142.2266082763672,148.69448852539062,409.2793273925781
2021-07-14,145.6543426513672,149.70469665527344,409.8900451660156
2021-07-15,145.0000762939453,147.90390014648438,408.49005126953125
2021-07-16,142.9590301513672,147.66668701171875,405.2860107421875
2021-07-19,139.11138916015625,146.59495544433594,399.3008728027344
2021-07-20,142.7246551513672,147.97412109375,405.0229187011719
2021-07-21,141.99224853515625,148.88771057128906,408.3021240234375
2021-07-22,143.35946655273438,149.31813049316406,409.15716552734375
2021-07-23,145.07818603515625,150.9081268310547,413.3666687011719
2021-07-26,145.49815368652344,150.97842407226562,414.38128662109375
2021-07-27,143.33013916015625,151.6724090576172,412.4927978515625
2021-07-28,141.58209228515625,151.250732421875,412.3236083984375
2021-07-29,142.2266082763672,151.250732421875,414.0336608886719
2021-07-30,142.4414825439453,151.26834106445312,412.0229187011719
2021-08-02,142.10943603515625,151.32981872558594,411.1585388183594
2021-08-03,143.9063262939453,153.1920928955078,414.5035400390625
2021-08-04,143.50588989257812,152.28729248046875,412.4645690917969
2021-08-05,143.61334228515625,152.57720947265625,415.07666015625
2021-08-06,142.9287109375,152.0677032470703,415.76263427734375
2021-08-09,142.87982177734375,152.59474182128906,415.4242858886719
2021-08-10,142.40060424804688,152.64749145507812,415.94110107421875
2021-08-11,142.65487670898438,152.67381286621094,416.97467041015625
2021-08-12,145.61830139160156,153.9036407470703,418.2242736816406
2021-08-13,145.8236846923828,154.82601928710938,418.9853820800781
2021-08-16,147.79931640625,156.22274780273438,419.97198486328125
2021-08-17,146.88975524902344,157.6546173095703,417.2189636230469
2021-08-18,143.1439208984375,155.65174865722656,412.6524658203125
2021-08-19,143.47642517089844,156.86402893066406,413.2913513183594
2021-08-20,144.93368530273438,157.6282196044922,416.5799560546875
2021-08-23,146.4202880859375,156.94784545898438,420.2444152832031
2021-08-24,146.33226013183594,154.986083984375,420.9115295410156
2021-08-25,145.0999755859375,153.9610137939453,421.7947692871094
2021-08-26,144.2979736328125,153.1392364501953,419.3047790527344
2021-08-27,145.33465576171875,152.812255859375,423.0538024902344
2021-08-30,149.7553253173828,153.4573516845703,424.9142150878906
2021-08-31,148.4936981201172,152.989013671875,424.2846374511719
2021-09-01,149.15875244140625,153.5280303955078,424.51019287109375
2021-09-02,150.27371215820312,154.57958984375,425.8161926269531
2021-09-03,150.90940856933594,154.6768341064453,425.712890625
2021-09-07,153.24688720703125,152.27325439453125,424.1907043457031
2021-09-08,151.7016143798828,151.90211486816406,423.6740417480469
2021-09-09,150.68447875976562,148.51768493652344,421.86053466796875
2021-09-10,145.6965789794922,147.54563903808594,418.53436279296875
2021-09-13,146.26382446289062,146.5117645263672,419.6054992675781
2021-09-14,144.86520385742188,145.62806701660156,417.3411865234375
2021-09-15,145.75521850585938,146.1759490966797,420.8269958496094
2021-09-16,145.52049255371094,145.9992218017578,420.1598815917969
2021-09-17,142.8504638671875,145.58389282226562,416.067138671875
2021-09-20,139.799072265625,144.7532196044922,409.1295166015625
2021-09-21,140.27828979492188,145.3894805908203,408.7430114746094
2021-09-22,142.64508056640625,144.85926818847656,412.7302551269531
2021-09-23,143.6035614013672,145.68109130859375,417.7449035644531
2021-09-24,143.69158935546875,145.23924255371094,418.4330749511719
2021-09-27,142.1756591796875,144.1876983642578,417.2359619140625
2021-09-28,138.7916717529297,143.8695831298828,408.82781982421875
2021-09-29,139.69149780273438,144.9387969970703,409.51593017578125
2021-09-30,138.39065551757812,142.71194458007812,404.5107421875
2021-10-01,139.51541137695312,141.80177307128906,409.31805419921875
2021-10-04,136.08253479003906,140.69720458984375,404.0393981933594
2021-10-05,138.00926208496094,141.015380859375,408.2434387207031
2021-10-06,138.8796844482422,141.3069610595703,409.9401550292969
2021-10-07,140.14134216308594,142.5706024169922,413.484375
2021-10-08,139.75990295410156,142.20828247070312,412.7302551269531
2021-10-11,139.67189025878906,141.60739135742188,409.7422180175781
2021-10-12,138.4004669189453,139.34521484375,408.7335205078125
2021-10-13,137.8136749267578,140.67953491210938,410.2040710449219
2021-10-14,140.60104370117188,141.48370361328125,417.1039733886719
2021-10-15,141.65728759765625,142.53521728515625,420.2805480957031
2021-10-18,143.3297119140625,141.4925079345703,421.5247497558594
2021-10-19,145.4911346435547,144.80625915527344,424.7767333984375
2021-10-20,145.9801788330078,144.72674560546875,426.4451904296875
2021-10-21,146.19534301757812,144.3909454345703,427.55743408203125
2021-10-22,145.42274475097656,144.67372131347656,427.1144714355469
2021-10-25,145.37379455566406,144.99183654785156,429.405029296875
2021-10-26,146.03884887695312,146.4675750732422,429.7914123535156
2021-10-27,145.57919311523438,144.69140625,427.8873291015625
2021-10-28,149.2174530029297,143.90492248535156,432.0160217285156
2021-10-29,146.50828552246094,143.9314422607422,432.89263916015625
2021-11-01,145.686767578125,144.0551300048828,433.6372985839844
2021-11-02,146.7234649658203,146.32615661621094,435.3905334472656
2021-11-03,148.1611785888672,145.85781860351562,438.0486755371094
2021-11-04,147.64280700683594,145.45132446289062,440.113037109375
2021-11-05,148.1717071533203,144.41744995117188,441.6400451660156
2021-11-08,147.3489532470703,143.922607421875,442.0171203613281
2021-11-09,147.71136474609375,143.60447692871094,440.5560302734375
2021-11-10,144.88076782226562,145.15972900390625,437.01177978515625
2021-11-11,144.83180236816406,144.09046936035156,437.1531982421875
2021-11-12,146.908203125,145.81365966796875,440.4523010253906
2021-11-15,146.91802978515625,144.4969940185547,440.60321044921875
2021-11-16,147.8974609375,143.7458953857422,442.3469543457031
2021-11-17,150.33633422851562,144.284912109375,441.2723693847656
2021-11-18,154.62631225585938,143.50726318359375,442.7712097167969
2021-11-19,157.25123596191406,143.94029235839844,441.9793701171875
2021-11-22,157.71160888671875,142.0457305908203,440.7351379394531
2021-11-23,158.09356689453125,142.9263153076172,441.3195495605469
2021-11-24,158.61268615722656,142.52606201171875,442.497802734375
2021-11-26,153.58810424804688,141.6009979248047,432.6286926269531
2021-11-29,156.94764709472656,142.0902099609375,437.9355773925781
2021-11-30,161.90365600585938,138.69252014160156,429.4144592285156
2021-12-01,161.38455200195312,140.6048126220703,424.644775390625
2021-12-02,160.39529418945312,139.72421264648438,431.14874267578125
2021-12-03,158.5147247314453,141.76112365722656,427.3971862792969
2021-12-06,161.92327880859375,144.9275665283203,432.4590759277344
2021-12-07,167.66282653808594,145.30113220214844,441.4043884277344
2021-12-08,171.48269653320312,146.1728057861328,442.5731201171875
2021-12-09,170.97340393066406,147.56033325195312,439.5851135253906
2021-12-10,175.76290893554688,147.19569396972656,443.7231750488281
2021-12-13,172.12913513183594,149.82847595214844,439.7924499511719
2021-12-14,170.74810791015625,151.4650421142578,436.7667236328125
2021-12-15,175.61602783203125,152.2211151123047,443.5912780761719
2021-12-16,168.7206268310547,153.8843536376953,439.679443359375
2021-12-17,167.6236572265625,149.63279724121094,434.99993896484375
2021-12-20,166.26220703125,149.205810546875,430.3743591308594
2021-12-21,169.43565368652344,148.72547912597656,438.0174255371094
2021-12-22,172.0311737060547,149.36595153808594,442.3970642089844
2021-12-23,172.65805053710938,149.65057373046875,445.1497497558594
2021-12-27,176.62486267089844,150.91357421875,451.44952392578125
2021-12-28,175.60617065429688,151.51841735839844,451.08056640625
2021-12-29,175.6943817138672,152.5857696533203,451.6575927734375
2021-12-30,174.5386199951172,153.26174926757812,450.4089660644531
2021-12-31,173.92152404785156,152.1588134765625,449.27392578125
2022-01-03,178.2703094482422,152.57684326171875,451.87518310546875
2022-01-04,176.00779724121094,152.16769409179688,451.72381591796875
2022-01-05,171.32598876953125,153.18170166015625,443.0497131347656
2022-01-06,168.4659881591797,152.65689086914062,442.6335144042969
2022-01-07,168.6324920654297,154.72044372558594,440.883544921875
2022-01-10,168.65206909179688,153.9555206298828,440.3349609375
2022-01-11,171.48269653320312,152.31895446777344,444.34564208984375
2022-01-12,171.92344665527344,151.02029418945312,445.5469055175781
2022-01-13,168.65206909179688,150.10415649414062,439.407958984375
2022-01-14,169.51400756835938,149.28587341308594,439.5876159667969
2022-01-18,166.3112030029297,148.62770080566406,431.802734375
2022-01-19,162.81448364257812,148.1651611328125,427.319091796875
2022-01-20,161.12985229492188,146.98219299316406,422.5894775390625
2022-01-21,159.07302856445312,146.64422607421875,414.29376220703125
2022-01-24,158.2992401123047,144.9542694091797,416.05316162109375
2022-01-25,156.49705505371094,149.09912109375,410.9736022949219
2022-01-26,156.40890502929688,149.7661895751953,409.9425354003906
2022-01-27,155.9485626220703,151.73187255859375,407.91827392578125
2022-01-28,166.83030700683594,152.79920959472656,418.0491027832031
2022-01-31,171.18887329101562,153.2439422607422,425.57855224609375
2022-02-01,171.02236938476562,151.98983764648438,428.4541931152344
2022-02-02,172.22711181640625,153.67086791992188,432.6163024902344
2022-02-03,169.34750366210938,153.6619873046875,422.4476623535156
2022-02-04,169.06309509277344,152.65689086914062,424.43402099609375
2022-02-07,168.34718322753906,152.14990234375,423.0719299316406
2022-02-08,171.4560089111328,152.55018615722656,426.55291748046875
2022-02-09,172.87803649902344,152.5323944091797,432.7959289550781
2022-02-10,168.79830932617188,150.6912078857422,425.0205078125
2022-02-11,165.38548278808594,149.17027282714844,416.6396789550781
2022-02-14,165.62086486816406,147.2935333251953,415.2774963378906
2022-02-15,169.4553680419922,148.81446838378906,421.9746398925781
2022-02-16,169.21998596191406,148.72547912597656,422.4476623535156
2022-02-17,165.62086486816406,147.8182830810547,413.4234924316406
2022-02-18,164.0713348388672,146.23385620117188,410.74658203125
2022-02-22,161.1488494873047,144.24658203125,406.338623046875
2022-02-23,156.98086547851562,144.31822204589844,399.13067626953125
2022-02-24,159.599365234375,141.5611114501953,405.1372985839844
2022-02-25,161.66860961914062,148.59707641601562,414.0762023925781
2022-02-28,161.93338012695312,147.3170166015625,413.0168151855469
2022-03-01,160.05043029785156,146.8067626953125,406.7264404296875
2022-03-02,163.3456268310547,148.63287353515625,414.208740234375
2022-03-03,163.02194213867188,150.81704711914062,412.14654541015625
2022-03-04,160.02102661132812,151.71226501464844,408.79803466796875
2022-03-07,156.22572326660156,154.1560516357422,396.74700927734375
2022-03-08,154.40159606933594,151.0319061279297,393.7389221191406
2022-03-09,159.80526733398438,151.6048126220703,404.2954406738281
2022-03-10,155.46078491210938,151.87339782714844,402.4698181152344
2022-03-11,151.74392700195312,151.5958709716797,397.3523254394531
2022-03-14,147.71324157714844,153.69056701660156,394.4483337402344
2022-03-15,152.09695434570312,157.67405700683594,403.1225280761719
2022-03-16,156.51011657714844,156.22386169433594,412.0614318847656
2022-03-17,157.52023315429688,158.26483154296875,417.2167663574219
2022-03-18,160.81539916992188,156.51034545898438,421.786376953125
2022-03-21,162.1884002685547,157.3965606689453,421.6629943847656
2022-03-22,165.56199645996094,156.653564453125,426.5970458984375
2022-03-23,166.9251708984375,156.06272888183594,421.1031799316406
2022-03-24,170.710693359375,156.86837768554688,427.4510498046875
2022-03-25,171.34812927246094,158.3722381591797,429.5384826660156
2022-03-28,172.211181640625,159.1868438720703,432.59393310546875
2022-03-29,175.50631713867188,159.10626220703125,437.9454650878906
2022-03-30,174.3392791748047,160.76235961914062,435.2412109375
2022-03-31,171.24024963378906,158.64976501464844,428.5422058105469
2022-04-01,170.94606018066406,159.50912475585938,429.7567443847656
2022-04-04,174.99636840820312,157.96942138671875,433.4383239746094
2022-04-05,171.68157958984375,158.9899444580078,427.9634094238281
2022-04-06,168.513916015625,163.12557983398438,423.6841125488281
2022-04-07,168.81788635253906,162.70480346679688,425.8190002441406
2022-04-08,166.80751037597656,163.02711486816406,424.6803894042969
2022-04-11,162.5512237548828,160.98614501953125,417.4216613769531
2022-04-12,164.42437744140625,161.0398406982422,415.8749694824219
2022-04-13,167.1114959716797,161.72015380859375,420.6382751464844
2022-04-14,162.10012817382812,161.0398406982422,415.4004821777344
2022-04-18,161.88438415527344,159.03468322753906,415.57135009765625
2022-04-19,164.16937255859375,163.886474609375,422.27972412109375
2022-04-20,164.00267028808594,164.61154174804688,421.96661376953125
2022-04-21,163.2083282470703,164.13711547851562,415.6567687988281
2022-04-22,158.6676483154297,162.50791931152344,404.25146484375
2022-04-25,159.7366180419922,166.50930786132812,406.59521484375
2022-04-26,153.77398681640625,165.31871032714844,394.8198547363281
2022-04-27,153.54840087890625,163.00921630859375,395.92999267578125
2022-04-28,160.4819793701172,164.22662353515625,405.9310302734375
2022-04-29,154.60757446289062,161.5411376953125,390.9294738769531
2022-05-02,154.91160583496094,159.9119415283203,393.28271484375
2022-05-03,156.40225219726562,159.59860229492188,395.0855407714844
2022-05-04,162.81602478027344,161.30838012695312,407.11700439453125
2022-05-05,153.74453735351562,158.22901916503906,392.64691162109375
2022-05-06,154.47132873535156,157.87994384765625,390.30322265625
2022-05-09,149.34451293945312,158.73927307128906,377.80682373046875
2022-05-10,151.75079345703125,158.5244140625,378.6797180175781
2022-05-11,143.88381958007812,157.6650390625,372.66400146484375
2022-05-12,140.01417541503906,159.22265625,372.27490234375
2022-05-13,144.48297119140625,158.3096160888672,381.1752014160156
2022-05-16,142.9409942626953,159.41064453125,379.6285400390625
2022-05-17,146.57492065429688,160.07305908203125,387.4377136230469
2022-05-18,138.30528259277344,157.1011199951172,371.81951904296875
2022-05-19,134.897216796875,155.7046661376953,369.5422668457031
2022-05-20,135.13294982910156,158.42593383789062,369.7035217285156
2022-05-23,140.5543975830078,161.6602325439453,376.6206970214844
2022-05-24,137.8534698486328,163.42604064941406,373.7457275390625
2022-05-25,138.01065063476562,161.82241821289062,377.04766845703125
2022-05-26,141.21243286132812,161.6782989501953,384.5816345214844
2022-05-27,146.96774291992188,163.14674377441406,394.02276611328125
2022-05-31,146.18206787109375,161.74134826660156,391.8120422363281
2022-06-01,146.0543670654297,160.10166931152344,388.6427917480469
2022-06-02,148.50973510742188,159.59716796875,396.0437927246094
2022-06-03,142.78382873535156,158.93951416015625,389.54412841796875
2022-06-06,143.5302734375,158.92147827148438,390.7302551269531
2022-06-07,146.0543670654297,160.6692352294922,394.4782409667969
2022-06-08,145.31777954101562,159.71426391601562,390.18939208984375
2022-06-09,140.09275817871094,156.49801635742188,380.9095458984375
2022-06-10,134.68115234375,155.45297241210938,369.8648376464844
2022-06-13,129.52493286132812,153.8853759765625,355.8217468261719
2022-06-14,130.38919067382812,151.5249481201172,354.7496337890625
2022-06-15,133.01153564453125,153.14663696289062,359.8070068359375
2022-06-16,127.73741912841797,153.22767639160156,347.8987731933594
2022-06-17,129.21063232421875,152.66912841796875,348.6488342285156
2022-06-21,133.44366455078125,155.8673553466797,357.4255065917969
2022-06-22,132.93296813964844,158.3268585205078,356.7774963378906
2022-06-23,135.80084228515625,161.8584747314453,360.27484130859375
2022-06-24,139.13027954101562,164.22784423828125,371.7294006347656
2022-06-27,139.13027954101562,164.07470703125,370.3094482421875
2022-06-28,134.98562622070312,159.407958984375,362.7430114746094
2022-06-29,136.74365234375,159.45301818847656,362.4476013183594
2022-06-30,134.27847290039062,159.9215087890625,359.5029602050781
2022-07-01,136.44900512695312,161.7323455810547,363.3052978515625
2022-07-05,139.0320281982422,160.4890899658203,363.9913635253906
2022-07-06,140.3677978515625,160.6332244873047,365.2206726074219
2022-07-07,143.73654174804688,160.8134002685547,370.69061279296875
2022-07-08,144.41421508789062,160.61520385742188,370.38568115234375
2022-07-11,142.28294372558594,160.67831420898438,366.1545715332031
2022-07-12,143.25527954101562,158.42596435546875,362.9145202636719
2022-07-13,142.89187622070312,158.05661010742188,361.0085754394531
2022-07-14,145.81866455078125,158.27281188964844,360.1318664550781
2022-07-15,147.48828125,160.5701141357422,367.0123291015625
2022-07-18,144.4436492919922,156.96646118164062,363.9818420410156
2022-07-19,148.30348205566406,154.67816162109375,373.8162536621094
2022-07-20,150.30703735351562,153.79525756835938,376.19879150390625
2022-07-21,152.57582092285156,154.33583068847656,380.0296936035156
2022-07-22,151.3383026123047,155.0655517578125,376.50372314453125
2022-07-25,150.21865844726562,155.3718719482422,376.9611511230469
2022-07-26,148.89276123046875,156.47096252441406,372.50128173828125
2022-07-27,153.9900665283203,156.03855895996094,382.173828125
2022-07-28,154.54006958007812,156.93943786621094,386.9671630859375
2022-07-29,159.60791015625,157.2277374267578,392.60870361328125
2022-08-01,158.6257781982422,156.6781768798828,391.446044921875
2022-08-02,157.152587890625,155.78627014160156,388.863525390625
2022-08-03,163.1632843017578,157.29080200195312,394.9529113769531
2022-08-04,162.8489990234375,154.7682342529297,394.6861267089844
2022-08-05,162.62278747558594,154.15565490722656,394.0190734863281
2022-08-08,162.1506805419922,153.33580017089844,393.5616455078125
2022-08-09,162.19989013671875,153.31776428222656,391.9988098144531
2022-08-10,166.44862365722656,153.7592315673828,400.2322998046875
2022-08-11,165.71104431152344,150.57901000976562,400.2322998046875
2022-08-12,169.261474609375,148.92132568359375,407.0078430175781
2022-08-15,170.33349609375,149.633056640625,408.68505859375
2022-08-16,170.1761474609375,150.9663848876953,409.4855651855469
2022-08-17,171.67103576660156,150.97543334960938,406.57904052734375
2022-08-18,171.27764892578125,150.24566650390625,407.7607421875
2022-08-19,168.69102478027344,152.5339813232422,402.2811584472656
2022-08-22,164.80618286132812,151.99887084960938,393.9046936035156
2022-08-23,164.47177124023438,150.67469787597656,392.95172119140625
2022-08-24,164.766845703125,150.17587280273438,394.209716796875
2022-08-25,167.22561645507812,151.58169555664062,399.77490234375
2022-08-26,160.9213104248047,148.9877471923828,386.242919921875
2022-08-29,158.71824645996094,147.8358917236328,383.6890563964844
2022-08-30,156.2890167236328,147.31890869140625,379.4768981933594
2022-08-31,154.6268768310547,146.330322265625,376.5894775390625
2022-09-01,155.35470581054688,149.9581756591797,377.7711486816406
2022-09-02,153.24012756347656,147.60008239746094,373.78778076171875
2022-09-06,151.98123168945312,147.9991455078125,372.37744140625
2022-09-07,153.38766479492188,148.80636596679688,379.0671691894531
2022-09-08,151.9124298095703,150.0035400390625,381.5447998046875
2022-09-09,154.7744140625,150.29379272460938,387.4722595214844
2022-09-12,160.73448181152344,150.23028564453125,391.6366882324219
2022-09-13,151.30262756347656,146.32125854492188,374.6072998046875
2022-09-14,152.74838256835938,149.3415069580078,376.0367736816406
2022-09-15,149.8568878173828,149.72239685058594,371.7674865722656
2022-09-16,148.2144317626953,152.00794982910156,368.9313659667969
2022-09-19,151.93206787109375,150.8107452392578,371.7923583984375
2022-09-20,154.31216430664062,149.62258911132812,367.5247497558594
2022-09-21,151.1846160888672,148.08982849121094,361.1136474609375
2022-09-22,150.2207794189453,150.72003173828125,358.0803527832031
2022-09-23,147.94888305664062,151.2097930908203,352.0808410644531
2022-09-26,148.28326416015625,150.28469848632812,348.5978698730469
2022-09-27,149.2569580078125,149.5954132080078,347.7078857421875
2022-09-28,147.36859130859375,150.88331604003906,354.5495300292969
2022-09-29,140.12998962402344,149.22354125976562,347.1434020996094
2022-09-30,135.9206085205078,148.1623992919922,341.7753601074219
2022-10-03,140.10047912597656,148.01730346679688,350.79864501953125
2022-10-04,143.69027709960938,150.21214294433594,361.6687316894531
2022-10-05,143.98533630371094,149.74961853027344,360.8266296386719
2022-10-06,143.03135681152344,146.84730529785156,357.1044006347656
2022-10-07,137.77940368652344,145.29637145996094,347.1434020996094
2022-10-10,138.10400390625,145.48684692382812,344.4928283691406
2022-10-11,136.68772888183594,147.5910186767578,342.3111572265625
2022-10-12,136.0583038330078,147.55471801757812,341.18206787109375
2022-10-13,140.631591796875,149.78587341308594,350.186279296875
2022-10-14,136.09765625,149.1600799560547,342.2059020996094
2022-10-17,140.0611572265625,151.09193420410156,350.9996032714844
2022-10-18,141.37904357910156,150.5658416748047,355.12371826171875
2022-10-19,141.48724365234375,149.36866760253906,352.6070861816406
2022-10-20,141.0249786376953,149.74961853027344,349.6504211425781
2022-10-21,144.84100341796875,153.0146942138672,358.14739990234375
2022-10-24,146.9850616455078,155.07350158691406,362.5298767089844
2022-10-25,149.8273468017578,154.82864379882812,368.3189392089844
2022-10-26,146.88668823242188,156.18905639648438,365.5439453125
2022-10-27,142.4117431640625,156.2797393798828,363.5920104980469
2022-10-28,153.17129516601562,158.60159301757812,372.2420654296875
2022-10-31,150.81088256835938,157.78533935546875,369.5532531738281
2022-11-01,148.1652374267578,156.9872283935547,367.9361572265625
2022-11-02,142.63792419433594,154.57469177246094,358.70233154296875
2022-11-03,136.58937072753906,154.83767700195312,355.0088806152344
2022-11-04,136.32339477539062,155.52699279785156,360.1185607910156
2022-11-07,136.85537719726562,156.887451171875,363.5633544921875
2022-11-08,137.4267578125,157.66741943359375,365.5248718261719
2022-11-09,132.86557006835938,156.40672302246094,357.9942932128906
2022-11-10,144.6872100830078,158.2388153076172,377.66754150390625
2022-11-11,147.4751434326172,153.5044403076172,381.3228759765625
2022-11-14,146.0762481689453,155.9169921875,378.0789794921875
2022-11-15,147.8101043701172,156.3523406982422,381.3037414550781
2022-11-16,146.5786895751953,157.32278442382812,378.3947448730469
2022-11-17,148.47999572753906,158.59251403808594,377.2369689941406
2022-11-18,149.04151916503906,159.80789184570312,378.9498291015625
2022-11-21,145.8102569580078,160.62939453125,377.57183837890625
2022-11-22,147.94801330566406,161.4053192138672,382.65289306640625
2022-11-23,148.82481384277344,161.57875061035156,385.064208984375
2022-11-25,145.90878295898438,161.78872680664062,384.97802734375
2022-11-28,142.07659912109375,161.87086486816406,378.8349304199219
2022-11-29,139.0719451904297,160.7389373779297,378.1842956542969
2022-11-30,145.82997131347656,162.4824676513672,390.0973205566406
2022-12-01,146.10580444335938,163.15794372558594,389.81024169921875
2022-12-02,145.6132354736328,163.2857208251953,389.360595703125
2022-12-05,144.45079040527344,163.1944580078125,382.35626220703125
2022-12-06,140.78607177734375,160.7480926513672,376.8446350097656
2022-12-07,138.8453369140625,161.72479248046875,376.20355224609375
2022-12-08,140.52992248535156,161.752197265625,379.1506652832031
2022-12-09,140.04722595214844,160.41946411132812,376.3183898925781
2022-12-12,142.3425750732422,162.3363800048828,381.7438049316406
2022-12-13,143.30801391601562,163.5869598388672,384.63360595703125
2022-12-14,141.0816192626953,164.0889892578125,382.17437744140625
2022-12-15,134.47132873535156,162.0168914794922,372.8258056640625
2022-12-16,132.5109100341797,160.35557556152344,368.42413330078125
2022-12-19,130.40269470214844,160.18212890625,365.300048828125
2022-12-20,130.33375549316406,160.35557556152344,365.7999267578125
2022-12-21,133.4369354248047,162.19032287597656,371.26953125
2022-12-22,130.26480102539062,161.5970001220703,365.9729919433594
2022-12-23,129.90028381347656,162.00778198242188,368.078125
2022-12-27,128.0974884033203,161.96214294433594,366.6266174316406
2022-12-28,124.16679382324219,161.2592315673828,362.0701904296875
2022-12-29,127.68373107910156,162.08082580566406,368.5876159667969
2022-12-30,127.99896240234375,161.2501220703125,367.6166687011719
